{"minLatitude": 39.197233450625134, "maxLatitude": 39.37197190004332, "minLongitude": -76.71129366997027, "maxLongitude": -76.52967423510157}